<?xml version="1.0" encoding="UTF-8"?>
<project-private xmlns="http://www.netbeans.org/ns/project-private/1">
    <editor-bookmarks xmlns="http://www.netbeans.org/ns/editor-bookmarks/2" lastBookmarkId="0"/>
    <open-files xmlns="http://www.netbeans.org/ns/projectui-open-files/2">
        <group>
            <file>file:/C:/Users/nisaz/OneDrive/Dokumen/NetBeansProjects/PERBANKAN%20-%20TUBES%20-%20PBO/coba/src/coba/Info.java</file>
            <file>file:/C:/Users/nisaz/OneDrive/Dokumen/NetBeansProjects/PERBANKAN%20-%20TUBES%20-%20PBO/coba/src/coba/Login.java</file>
            <file>file:/C:/Users/nisaz/OneDrive/Dokumen/NetBeansProjects/PERBANKAN%20-%20TUBES%20-%20PBO/coba/src/coba/Topup.java</file>
            <file>file:/C:/Users/nisaz/OneDrive/Dokumen/NetBeansProjects/PERBANKAN%20-%20TUBES%20-%20PBO/coba/src/coba/Transaksi.java</file>
            <file>file:/C:/Users/nisaz/OneDrive/Dokumen/NetBeansProjects/PERBANKAN%20-%20TUBES%20-%20PBO/coba/src/coba/Coba.java</file>
            <file>file:/C:/Users/nisaz/OneDrive/Dokumen/NetBeansProjects/PERBANKAN%20-%20TUBES%20-%20PBO/coba/src/coba/TransaksiBerhasil.java</file>
            <file>file:/C:/Users/nisaz/OneDrive/Dokumen/NetBeansProjects/PERBANKAN%20-%20TUBES%20-%20PBO/coba/src/coba/Register.java</file>
            <file>file:/C:/Users/nisaz/OneDrive/Dokumen/NetBeansProjects/PERBANKAN%20-%20TUBES%20-%20PBO/coba/src/coba/session.java</file>
            <file>file:/C:/Users/nisaz/OneDrive/Dokumen/NetBeansProjects/PERBANKAN%20-%20TUBES%20-%20PBO/coba/src/coba/Logout.java</file>
            <file>file:/C:/Users/nisaz/OneDrive/Dokumen/NetBeansProjects/PERBANKAN%20-%20TUBES%20-%20PBO/coba/src/coba/Home.java</file>
            <file>file:/C:/Users/nisaz/OneDrive/Dokumen/NetBeansProjects/PERBANKAN%20-%20TUBES%20-%20PBO/coba/src/coba/Payment.java</file>
        </group>
    </open-files>
</project-private>
